fecha,tipo_transacción,precio_inmueble,datos,barrio,expensas,descripcion
20230613,venta_inmueble,USD 96.500, 40 m²   40 m²   37 m²   37 m²   1 amb.   1 amb.   1 baño   1 baño  ,"Boedo, Capital Federal",$ 4.600 Expensas,"Entrás a vivir a tu departamento con el 60% del precio, el restante 40% en 12, 24 o 36 cuotas pesos ajustadas por cac. Departamento a estrenar! Para entrar a vivir ya mismo! Edificio en esquina, con orientación ne, cuenta con unidades al frente con balcones, lo que permite una mayor participación visual y óptima ventilación. Ubicado en pleno barrio de Boedo, a metros de Av Pavón y a cuadras de Av San Juan. Accesos a Subte línea ""E"" y varias líneas de colectivos. Moderno monoambiente con balcón al frente. Cocina a gas integrada con muebles bajo mesada y alacena de alta calidad de diseño. Espacio para heladera y lavarropas. Mesada de Granito. Pisos de Porcelanato. Baño completo moderno con ventilacion forzada. Placard. Split frio/calor. Agua caliente central por termotanque. Portero eléctrico, cámaras de seguridad, puertas blindadas y vidrios doble costura para evitar ruidos externos. Honorarios + Iva - Daniel Montaña Matrícula Nº 412 C. U. C. I. C. B. A. Aviso legal que conste: Que las descripciones -Medidas -Superficies –Antigüedad -M2. -Valores de Impuestos – Servicios – Expensas indicados - ""Son aproximados y sujetos a verificación y/o ajuste sin previo aviso"" - Fotos – Vídeos, planos de carácter no contractual -. “Todos los datos fueron proporcionados por la parte propietaria y pueden no estar actualizados y/o tener inexactitudes y discordancias con títulos o reglamentos. La parte interesada debe realizar previas verificaciones antes del momento de realizar la operación, requiriendo por si o sus profesionales la verificación de la documentación que corresponda. - Venta supeditada a que la parte propietaria cumpla con los requisitos de las gestiones de la resolución general Nº 2371 de la afip. Pedido de coti) Datos de contacto: Local Caballito - Av. Rivadavia 4621 - Ver datos -- Local Barrio Norte - Av Santa Fe 2309 - Ver datos-- Local Boedo - Av Pavón 4024 - Ver datos"
20230613,venta_inmueble,USD 300.000, 106 m²   106 m²   92 m²   92 m²   3 amb.   3 amb.   2 dorm.   2 dorm.   2 baños   2 baños   1 coch.   1 coch.  ,"Recoleta, Capital Federal",$ 37.000 Expensas,"Departamento de 3 ambientes con dependencias, al frente con vista a la plaza Monseñor Miguel de Andrea, seguridad por tótem, palier privado, muy luminoso, la unidad consta de Living comedor con salida a balcón corrido, toilette, 2 cuartos, el principal en suite, cocina con comedor diario, dependencia con su baño, cochera fija y cubierta, baulera, muy buen estado general. "
20230613,venta_inmueble,USD 78.000, 44 m²   44 m²   41 m²   41 m²   2 amb.   2 amb.   1 dorm.   1 dorm.   1 baño   1 baño  ,"Villa Crespo, Capital Federal",$ 12.130 Expensas,"En una ubicacion excelente 2 de cordoba 2 de estado. de israel 3 de corrientes 1 de scalabrini super luminoso. todo externo - cocina separada - parquet en living. entblonado tarugado en dormitorio pintura perfecta. Colectivos: 15, 19, 24, 36, 57, 71, 90, 92, 99, 106, 109, 110, 124, 127, 140, 141, 151, 168 subte angel gallardo (Línea B) Información adicional: Categoría del edificio: Buena. Tipo de edificio: Antiguo. Ascensores principales: 1. Agua caliente: Calefón. Estado de la propiedad: Excelente. Categoría del edificio: Buena. Habitaciones: 1. Servicios: Electricidad. Pavimento. Cloacas. Gas. Agua Corriente. Videocable. Características: Balcón"
20230613,venta_inmueble,USD 360.000, 265 m²   265 m²   131 m²   131 m²   4 amb.   4 amb.   3 dorm.   3 dorm.   2 baños   2 baños   2 coch.   2 coch.  ,"Villa Urquiza, Capital Federal",,"Corredor Responsable: Ariel Champanier cucicba 4330 / Andrea Berré cmcpsi 6763- Contacto: Daniel Endler - mls id # Ver datos. Si lo que están buscando es vivir en una zona residencial y tranquila en Villa Urquiza; en una casa que cuente con un hermoso jardín, pileta y un disfrutable quincho con parrilla; amplia Cocina con comedor diario con vista al jardín, un acogedor living-comedor y su correspondiente toilette de recepción; 3 dormitorios en la primera planta, el principal en suite con un muy buen vestidor, otro baño completo y en la siguiente planta un cuarto dormitorio o dependencia de servicio, sumado a un lavadero; ésta es seguramente la vivienda que están buscando! Tiene además, al frente, espacio para el ingreso de dos autos. La superficie total del Tríplex es de 265 m2. La superficie cubierta 131 m2. Buena distribución y excelente estado. Remax Argentina S. R. L. No ejerce el corretaje inmobiliario. El presente sitio web es una plataforma en donde cada oficina inmobiliaria independiente que contrata los servicios re/max puede publicar las propiedades a su cargo. Cada oficina es de propiedad y gestión independiente, por lo que Remax Argentina S. R. L no interviene en los datos de la publicación, en la operación inmobiliaria, ni en la confección y/o firma del boleto de compraventa y/o escritura y/o contrato de alquiler. En cumplimiento de las leyes vigentes que regulan el corretaje inmobiliario, Ley Nacional 25. 028, Ley 22. 802 de Lealtad Comercial, Ley 24. 240 de Defensa al Consumidor, las normas del Código Civil y Comercial de la Nación y Constitucionales, los agentes/gestores no ejercen el corretaje inmobiliario. Todas las operaciones inmobiliarias son objeto de intermediación y conclusión por parte del corredor público inmobiliario colegiado a cargo de la publicación, cuyos datos se exhiben en la presente. La presente publicación describe las características esenciales del inmueble, debiéndose consultar al corredor público inmobiliario responsable de la operación por la eventual actualización de las medidas, descripciones arquitectónicas y funcionales, valores de expensas, servicios, impuestos, precios y demás información, cuyos valores son aproximados. El inmueble no es accesible para personas con discapacidades físicas. Comprá la casa que querés! No la que podés. Accedé a un préstamo por hasta el 30% del valor de esta propiedad. Simulá tu cuota en Lendar"
20230613,venta_inmueble,USD 115.000, 112 m²   112 m²   40 m²   40 m²   2 amb.   2 amb.   1 dorm.   1 dorm.   1 baño   1 baño   1 coch.   1 coch.  ,"Belgrano, Capital Federal",$ 28.000 Expensas,"Exclusivo departamento de 2 ambientes con amplio y hermoso patio con parrilla en Belgrano. La unidad se encuentra en excelente estado, living comedor con ventanal hacia el jardín al igual que el dormitorio. Cocina con lavadero independiente y patio interno. Muy luminoso, calefacción por losa radiante y agua caliente mediante calefón.  Cochera cubierta en subsuelo ( valor adicional en el precio: u$d 15. 000). Con cercanía a todas las redes de tránsito, locales comerciales, Avenidas Monroe, Cramer y Cabildo. Zona muy segura. En cumplimiento de la leyes provinciales vigentes que regulan el corretaje inmobiliario, Ley Nacional 25. 028, Ley 22. 802 de Lealtad Comercial, Ley 24. 240 de Defensa al Consumidor, las normas del Código Civil y Comercial de la Nación y Constitucionales, los agentes/gestores no ejercen el corretaje inmobiliario, todas las operaciones inmobiliarias son concluidas por el martillero/corredor colegiado, cuyos datos se exhiben a continuación: cucicba Mat 7831 "
20230613,venta_inmueble,USD 690.000, 195 m²   195 m²   132 m²   132 m²   5 amb.   5 amb.   3 dorm.   3 dorm.   2 baños   2 baños  ,"Palermo, Capital Federal",$ 52.997 Expensas,"Excelente departamento triplex en Venta (Renta hasta Enero25) sobre la Avenida del Libertador y Kennedy. Vecino a la Embajada Americana. Reciclado en contrafrente. Son 195 Mts (132 + 63) con terraza. Piso 14: Palier semi-privado. Living/ Comedor a balcon corrido. Cocina abierta incorporada a la recepción. Escritorio o 3er dorm. Toilette. Piso 15: Dos dormitorios con dos baños completos. Principal en Suite con vestidor. Laundry estilo americano en placard. Piso 16: terraza propia de 50 Mts con parrilla & pergola. Vista, luz & sol en todos los ambientes. - Servicios individuales. Calefaccion por losa. - Cuatro aa. - El Ascensor llega hasta el Piso 14. Todos los ambientes se acceden por el depto. - Vigilancia 24 Hs. - Expensas Marzo 2023 $52. 997. - agip Mayo 2023 $12. 005. - Aysa$ - Metrogas según consumo. - Edenor según consumo. En impecable estado, vale la pena visitarlo! — La presente oferta de venta esta condicionada a la confección del coti por parte del propietario. (Res. Afip 2371). Las medidas son aproximadas y orientativas. Las medidas exactas surgirán del titulo de propiedad. Para más información, llámanos al: +54 911 Ver datos. Aviso publicado por Miranda Bosch - Real Estate & Art desde Sumaprop. "
20230613,venta_inmueble,USD 178.000, 61 m²   61 m²   46 m²   46 m²   2 amb.   2 amb.   1 dorm.   1 dorm.   2 baños   2 baños  ,"Palermo Hollywood, Palermo",$ 18.000 Expensas,"Se vende departamento 2 ambientes amplio con terraza propia con parrilla, baño completo Y toilete, A estrenar en soler 5881, pleno Palermo Hollywood. Ideal inversor, A tan solo 3 cuadras de av. Santa fé donde se encuentra una gran cantidad de lineas de colectivos, subte Y A tan solo 6 cuadras del tren. Edificio de categoria, de excelente calidad constructiva. Todos los departamentos cuentan con pisos alemanes de pvc, aberturas dvh, termotanques ariston, griferias fv Y preinstalacion de aires acondicionados. Super luminoso. Doble placard, baño completo, cocina con anafe Y horno eléctricos. Gran balcón terraza con parrilla, con espacio para el lavarropas Y tiene bacha afuera. En la terraza cuenta con pileta Y solarium. Expensas: $18. 000"
20230613,venta_inmueble,USD 1.800.000, 1936 m²   1936 m²  ,"Núñez, Capital Federal",,"Excelente terreno sobre av. Libertador, vista abierta al río.  corredor alto. - Superficie: 280 m2- Frente: 8, 66 m- Fondo: 32, 40 m- Ancho de calle: 36, 00 m- lfi: 16, 55 m- Altura Máxima: 38 m. - Volumen constructivo: pb + 12 pisos + 2 retiros. superficie vendible: 1935 M2. No aplica Plusvalía! Sucursal Botánico Valeria Soldati -cucicba- Mat. Nº 7305Valeria Soldati - cmcpsi - Mat. Nº 6818"
20230613,venta_inmueble,USD 220.000, 60 m²   60 m²   60 m²   60 m²   3 amb.   3 amb.   2 dorm.   2 dorm.   1 baño   1 baño  ,"Recoleta, Capital Federal",$ 2.581 Expensas,". ""Las expensas, abl y Aysa no son exactas y están sujetas a modificaciones""Las medidas son aproximadas y orientativas. Las medidas exactas surgirían del título de propiedad""Venta supeditada al cumplimiento por parte del propietario de los requisitos de la Resolución General 2371 de la afip. ""Las expensas, abl y Aysa no son exactas y están sujetas a modificaciones""""Las medidas son aproximadas y orientativas. Las medidas exactas surgirían del título de propiedad""“Venta supeditada al cumplimiento por parte del propietario de los requisitos de la Resolución General 2371 de la afip. ”"
20230613,venta_inmueble,USD 125.000, 84 m²   84 m²   84 m²   84 m²   3 amb.   3 amb.   2 dorm.   2 dorm.   1 baño   1 baño  ,"Mataderos, Capital Federal",,"Departamento tipo ph 3 ambientes próximo a Barrio Naón, Mataderos. Intersección de las calles Cosquín y Zequeira. Ubicado en primer piso, sin expensas. Se refaccionó a nuevo en el año 2019 incluyendo la instalación de agua, gas y eléctrica. Compuesto por dos dormitorios con vista a la calle (el principal con placard) , un baño completo y un toilette, comedor, amplia cocina con salida a patio con parrilla, living, lavadero con dependencia o cuarto de guarda herramientas, balcón interno y terraza en común para el tendido de ropa. Todos los ambientes con pisos de porcelanato. posible permuta por casa similar valor en Zona Oeste (Ciudad Evita, Aldo Bonzi, aledañas) Esta propiedad cuenta con visita virtual 360º, puede solicitarla por teléfono o WhatsApp. Seguinos en Instagram y Facebook @lopezbalaguerbienesraices "
20230613,venta_inmueble,USD 98.500, 60 m²   60 m²   60 m²   60 m²   3 amb.   3 amb.   2 dorm.   2 dorm.   1 baño   1 baño  ,"Caballito, Capital Federal",$ 10.000 Expensas,"3 amplios ambientes, semipiso frente todo luz Y sol, edificio de estilo en esquina, superficie aproximada 60 metros, hall de entrada 3X1, living comedor 5X3, ambos dormitori de 4X4, cocina 3X2 lavadero incorporado, baño completo 3X2, excelente ubicacion zona caballito, sobre avenida, cuadras centro comercial, subte ""A"", estacion tren Y gran oferta de lineas de colectivos"
20230613,venta_inmueble,USD 145.000, 69 m²   69 m²   49 m²   49 m²   3 amb.   3 amb.   2 dorm.   2 dorm.   1 baño   1 baño  ,"Liniers, Capital Federal",,"Semipiso de tres ambientes al frente, con salida a balcón terraza y sector parrilla. Cocheras y bauleras opcionales. Tonelero 6039, con ubicación estratégica, a dos cuadras de Av. Rivadavia y a siete cuadras de Av. Emilio Castro, con ágil acceso hacia Av. Gral. Paz. En una zona de esparcimiento, con variedad de medios de transporte y ágiles conexiones a toda la ciudad de Buenos Aires. Norde PropiedadesConsultas 4687. 4490WhatsApp Ver datosMatrícula 2014-cucicba"
20230613,venta_inmueble,USD 550.000, 165 m²   165 m²   165 m²   165 m²   5 amb.   5 amb.   2 baños   2 baños  ,"Botánico, Palermo",$ 90.000 Expensas,"Excepcional oficina en venta con excelentes vistas 360 grados de la Ciudad de Buenos Aires, en una de las mejores esquinas de Palermo! Oportunidad única! Tambien hay posibilidad de transformar la oficina en una vivienda en duplex de 165 m2! La oficina es en duplex y se desarrolla de la siguiente manera: - Piso 12 (pb)   - Palier privado  - Recepcion  - Dos grandes despachos privados con excelentes vistas  - Gran sala de reuniones (con datacenter y archivo)   - Toilette- Piso 13 (pa)   - Gran espacio de trabajo  - Cocina/Comedor  - Baño  - Toilette  - Sala de reuniones o gran privado con sala anexa mas pequeña. Las medidas declaradas son estimativas. La venta de este inmueble está sujeta a la tramitación del Codigo de Transferencia de Inmuebles (coti) , de conformidad con la normativa vigente (Res. Afip 2371/08, 2439/08 y ccs. ) por parte del propietario. "
20230613,venta_inmueble,USD 99.000, 34 m²   34 m²   34 m²   34 m²   1 amb.   1 amb.   1 baño   1 baño  ,"Recoleta, Capital Federal",,"Barrio Norte. Edificio metropolitan plaza. Departamento de 1 ambiente. Cocina integrada (se entrega con anafe y hornito). Espacio de guardado. Placard de piso a techo. Ambiente con salida a balcón lateral. Baño completo. Superficie total de 34. 9 m2 totales. Disposición contrafrente. Con vista hacia pulmón de manzana. Orientación este. Opción cochera fija cubierta. Características: Disposicion: Lateral Vista: pulmón de manzana Orientacion: este Superficie total: 34. 93 m2 amenities • Gimnasio totalmente equipado de última generación. • Parrillas sobre terraza con pérgolas en el piso 19 • sum en Planta Baja • Laundry estado Posesión Noviembre 2022 Ubicación: Junín al 800 - (Entre Av. Córdoba y Paraguay). A 6 cuadras de Av. Pueyrredón y a 4 cuadras de Av. Callao. Si tenés que vender para comprar, consultános! Te ayudamos en todo el proceso de compraventa! Los metros son estimados, los metros reales surgirán del respectivo título de la propiedad. Ramos Couriel Real Estate sa cucicba 1255 Los metros son estimados, los metros reales surgirán del respectivo título de la propiedad. Ramos Couriel Real Estate sascucicba 1255"
20230613,venta_inmueble,USD 120.000, 33 m²   33 m²   29 m²   29 m²   1 amb.   1 amb.   1 dorm.   1 dorm.   1 baño   1 baño  ,"Recoleta, Capital Federal",,Barrio norte- recoleta A estrenar Excelente calidad y diseño unicos en la zona (cinco esquinas) 13 departamentos de uno y dos ambientes 
20230613,venta_inmueble,USD 76.000, 43 m²   43 m²   37 m²   37 m²   1 amb.   1 amb.   1 baño   1 baño  ,"Almagro, Capital Federal",$ 12.000 Expensas,"Salaya Romera Propiedades Ofrece a la Venta Hermoso Monoambiente divisible Excelente ubicacion a un paso de todo. La unidad esta en impecable estado, resalta por su luminosidad y al ser piso alto su vista es abierta y amplia.  El departamento tiene cocina integrada, baño completo. Es apto Profesional. El estado de las areas comunes es impecable, ya que cuenta con poca antiguedad.  El balcon es aterrazado;El edificio cuenta con sum con parrilla, y laundry. Las expensas incluyen Aysa. Agende su visita! Las imágenes aquí contenidas han sido incluidas al solo y único efecto ilustrativo de esta presentación. Las medidas son aproximadas y han sido suministradas por los propietarios. Propiedad sujeta a la gestión del coti por parte del propietario. Recoleta: Agüero 1896. Tel. Ver datosPuerto Olivos: Av. Del Libertador 2601. Tel. Ver datosOlivos: Corrientes 702. Tel. Ver datoscucicba 3638 cmcpsi Ver datos "
20230613,venta_inmueble,USD 535.000, 153 m²   153 m²   153 m²   153 m²   4 amb.   4 amb.   3 dorm.   3 dorm.   2 baños   2 baños   1 coch.   1 coch.  ,"Palermo, Capital Federal",$ 60.000 Expensas,"Espectacular Piso al frente sobre Av del Libertador reciclado a nuevo. Excelente vista abierta a hipódromo y río. Muy luminoso, con excelente bacón corrido. Palier privado, Amplio living con ventanales y salida al balcón, cocina independiente con comedor diario, toilette recepción, lavadero y dependencia con baño. Dos dormitorios que comparten baño completo, suite principal con salida al balcón. Espacio guarda coche. Edificio posee totem de seguridad. "
20230613,venta_inmueble,USD 117.900, 54 m²   54 m²   52 m²   52 m²   3 amb.   3 amb.   2 dorm.   2 dorm.   1 baño   1 baño  ,"Coghlan, Capital Federal",,"Departamento - uf 6 ubicada en 3er piso Lateral, esta unidad cuenta con un amplio Living Comedor, 2 dormitorios comodos con placard. 1 Baño completo y 1 Toilette. Forma de pago: 40% Anticipo (U$S) y 60% hasta en 60 cuotas en pesos + cac. Mas Info! En construccion. Paneles solares que alimentan los espacios comunes del edificio haciendo posible las bajas expensas. Recoleccion de agua de lluvia. dvh doble vidrio para mejorar su calidad constructiva y ayudar al medio ambiente (menos consumo de energia para calefacion y refrigeracion). Cerca del hospital Pirovano. Zona comercial Av. Monroe (50mts) y a 4 cuadras de Av. Congreso. Supermercado y variedad de comercios a pocos metros. Areas Verdes y zona de colegios hacen de su ubicacion un lugar privilegiado. Muy bajas Expensas! Dimensiones: Mts2 cubiertos 52. Mts2 Semicubiertos 2. Mts2 totales 54. Transportes Cercanos: Colectivos: 19, 41, 76, 107, 114, 133, 169. Trenes: Coghlan (mitre). Subte: 15 cuadras. Recordá que podes bajarte la carpeta completa de este emprendimiento en pdf desde nuestra web donde encontraras todos los detalles y/o hacer el recorrido virtual de esta unidad. No Cobramos Comisión. Invertí en el lugar donde te gustaría vivir. Raul A. AlvarezMartillero Publico cucicba M. Nro. 8354Servicios de comercialización e inversión inmobiliaria. "
20230613,venta_inmueble,USD 80.000, 40 m²   40 m²   40 m²   40 m²   2 amb.   2 amb.   1 dorm.   1 dorm.   1 baño   1 baño   1 coch.   1 coch.  ,"Flores, Capital Federal",$ 9.000 Expensas,"Luminoso departamento de 2 ambientes con cochera fija. Esta ubicado al lateral con su orientación al noroeste. Cuenta con un living-comedor, un dormitorio con placard y un baño completo. Su cocina es cómoda con lavadero incorporado. Optima ubicación, a metros de Av. Directorio y a 4 cuadras de Av. Rivadavia - subte línea A y demás medios de transporte. Venta supeditada al cumplimiento por parte del propietario de los requisitos de la resolución general N° 2371 de la afip (pedido de coti). "
20230613,venta_inmueble,USD 349.000, 101 m²   101 m²   91 m²   91 m²   4 amb.   4 amb.   3 dorm.   3 dorm.   2 baños   2 baños   2 coch.   2 coch.  ,"Caballito, Capital Federal",$ 28.000 Expensas,"Excelente Departamento de 4 ambientes con 2 cocheras en la mejor ubicación de Caballito. Se trata de un impecable semipiso que dispone de 2 ascensores lo cual le permite tener un palier totalmente privado y separado del contra frente. Living Comedor con hermosos pisos de madera y de amplio tamaño, con salida a un gran balcon al frente con cerramiento en vidrio con apertura. Cocina totalmente separada con entrada de servicio, mucho espacio de guardado y acceso al lavadero separado con la caldera individual y lavarropas. Luego tenemos un Hall de distribución el cual conecta las 3 habitaciones y el baño principal. Dormitorio principal de amplias medidas para cama King Size, vestidor y baño en suite. Los otros 2 dormitorios tambiénson de cómodas medidas, con placard empotrado. 2 cocheras fijas en el único subsuelo con ascensor de autos. Calefacción por radiadores mediante caldera individual. En el ultimo piso se encuentran la piscina y el sum de uso comun. Edificio de calidad Premium, sin encargado lo cual hace que las expensas sean económicas acorde a la propiedad. Ubicado en la Avenida mas prestigiosa de Caballito, Av. Pedro Goyena. Con sus múltiples opciones gastronómicas, comercios y medios de transporte. Rodeado de los mejores Colegios del Barrio y solo 4 cuadras del Subte E (Jose M. Moreno), cercania con el Subte A (Acoyte). medidas: cocina: 3. 36 X 3. 93lavadero ind: 0. 73 X 1. 70living: 6. 82 X 3. 44balcon: 1. 35 X 7tercer dormitorio: 2. 85 X 2. 79baño principal: 1. 85 X 1. 92hall: 0. 90 X 4. 27dormitorio secundario: 2. 31 X 3. 90dormitorio principal: 2. 87 X3. 38irujo bienes raices iapVer datos"
20230613,venta_inmueble,USD 160.000, 157 m²   157 m²   157 m²   157 m²   6 amb.   6 amb.   5 dorm.   5 dorm.   2 baños   2 baños  ,"Barrio Norte, Capital Federal",$ 46.741 Expensas,"Corredor Responsable: Ariel Champanier cucicba 4330 / Andrea Berré cmcpsi 6763- Contacto: Alida Castro - mls id # Ver datos. Si estás buscando una propiedad amplia y con el potencial de hacerla a tu gusto, ¡has encontrado la indicada! Esta propiedad de 157 m2, ofrece la oportunidad de diseñar y remodelar el espacio para crear el hogar o la inversión de tus sueños. Apto profesional y comercial. Mirá el tour virtual acá: 7Y2fQ? fs=1&vr=0&sd=1&thumbs=1&info=1&logo=1. Situada en el corazón del centro neurálgico comercial y artístico de la ciudad de Buenos Aires, con fácil acceso a una amplia variedad de opciones gastronómicas, culturales y de entretenimiento. Cerca de Avenida Corrientes, del Teatro Colón y la Avenida de 9 Julio lo que le da a esta propiedad una ubicación privilegiada. La propiedad cuenta con aberturas de alta calidad, que permiten una entrada de luz natural y un ambiente confortable. Cuenta con pisos de pinotea y hermosas molduras que realzan la belleza del espacio. Aunque la propiedad necesita ser reciclada, esta es una oportunidad única para personalizarla a tu gusto. Imagina una sala de estar amplia, una cocina moderna, un dormitorio principal espacioso y cómodo, ¡todo diseñado y construido según tus necesidades y gustos personales! En resumen, esta propiedad es una oportunidad única de inversión en una ubicación privilegiada y con la posibilidad de hacerla a tu gusto. Con sus amplias medidas, aberturas de calidad, pisos de pinotea y molduras, esta propiedad es una excelente opción para aquellos que buscan un espacio que refleje su estilo y personalidad. No cuenta con conexión a gas ni cocina ya que su último destino fue oficina. Expensas Mayo: $ 46. 741, 80. - Cercanía con las líneas de colectivo 5, 6, 7, 12, 23, 24, 26, 29, 37, 39, 50, 60, 75, 98, 99, 102, 105, 109, 111, 115, 124, 132, 140, 146, 150, 180, y las estaciones callao (Línea B), tribunales (Línea D), uruguay (Línea B) del subte. Remax Argentina S. R. L. No ejerce el corretaje inmobiliario. El presente sitio web es una plataforma en donde cada oficina inmobiliaria independiente que contrata los servicios re/max puede publicar las propiedades a su cargo. Cada oficina es de propiedad y gestión independiente, por lo que Remax Argentina S. R. L no interviene en los datos de la publicación, en la operación inmobiliaria, ni en la confección y/o firma del boleto de compraventa y/o escritura y/o contrato de alquiler. En cumplimiento de las leyes vigentes que regulan el corretaje inmobiliario, Ley Nacional 25. 028, Ley 22. 802 de Lealtad Comercial, Ley 24. 240 de Defensa al Consumidor, las normas del Código Civil y Comercial de la Nación y Constitucionales, los agentes/gestores no ejercen el corretaje inmobiliario. Todas las operaciones inmobiliarias son objeto de intermediación y conclusión por parte del corredor público inmobiliario colegiado a cargo de la publicación, cuyos datos se exhiben en la presente. La presente publicación describe las características esenciales del inmueble, debiéndose consultar al corredor público inmobiliario responsable de la operación por la eventual actualización de las medidas, descripciones arquitectónicas y funcionales, valores de expensas, servicios, impuestos, precios y demás información, cuyos valores son aproximados. El inmueble no es accesible para personas con discapacidades físicas. Comprá la casa que querés! No la que podés. Accedé a un préstamo por hasta el 30% del valor de esta propiedad. Simulá tu cuota en Lendar"
20230613,venta_inmueble,USD 82.000, 34 m²   34 m²   34 m²   34 m²   1 amb.   1 amb.   1 baño   1 baño   1 coch.   1 coch.  ,"Villa Crespo, Capital Federal",,"En la calle bulnes A media cuadra de av cordoba se encuentra este edificio A estrenar, donde todas las unidades son monoambientes con cocina electrica integrada, baño completo, aire acondicionado, balcón Y un lugar para la conexión de lavarropas. El edificio tiene portero fijo Y cuenta con pileta, sum, parrillas Y laundry. Las cocheras para autos Y/O motos, como las bauleras son opcionales. Consultar por otras unidades. "
20230613,venta_inmueble,USD 780.000, 398 m²   398 m²   398 m²   398 m²   5 amb.   5 amb.   4 dorm.   4 dorm.   4 baños   4 baños  ,"Palermo, Capital Federal",,"Importante propiedad en excelente ubicación, a metros de Av. Coronel Diaz y Av. Santa Fe. Casa de estilo, desarrollada sobre un terreno de 8. 80 x 18 m2, con una superficie cubierta de 398 m2 y terraza. Consta de planta baja y dos pisos, entrada principal y de servicio, ascensor. 4 dormitorios, escritorio y sala de estar. Cocina en los dos niveles, 4 baños, toilette, patio, terraza. Doble circulación. Dependencias de servicio, sótano, baulera. Ideal vivienda, comercial, institución, etc. Edificio con Proteccion Cautelar Ley Firme: se exige conservar la fachada en su estado actual. Este estudio considera su conservacion. Si se conservara el edificio completo se podrian desarrollar 747. 50 m2 adicionales a lo que esta construido actualemente. Se debera realizar consulta aph en cualquiera de los casos. "
20230613,venta_inmueble,USD 85.000, 48 m²   48 m²   34 m²   34 m²   1 amb.   1 amb.   1 baño   1 baño  ,"San Telmo, Capital Federal",,"1 ambiente divisible con balcón terrazaa estrenaren B. De Irigoyen al 1400. Son 48 m2 totales. Piso 14 Unidad A. 9 de Julio Estudios ii está ubicado en una zona estratégica de la Ciudad de Buenos Aires, en el barrio de San Telmo. En las inmediaciones de numerosos parques, universidades, restaurantes y locales de todo tipo que le dan vida y movimiento al barrio. Se encuentra ubicado a 2 cuadras de la línea C, a pasos del metrobus y de numerosas líneas de colectivo. A pocas cuadras de la estación Constitución de trenes y a metros del acceso a la autopista. Se encuentra en el corazón de la Ciudad, en un lugar con accesibilidad y cerca de puntos de interés como Puerto Madero y el centro y el sur de la Ciudad de Buenos Aires. Cercano a: Plaza Dorrego - Puerto Madero - Fundación uade - Constitución. * La información de la unidad así como las medidas son aproximadas y orientativas. Las medidas exactas deberán ratificarse con la documentación pertinente y no comprometen a la empresa. Las mismas surgirán del título de propiedad. En el caso de venta, la misma esta supeditada al cumplimiento por parte del propietario de los requisitos de la Resolución General 2371 de la afip. ** Nota importante: los gastos (expensas, abl) expresados refieren a la última información recabada y deberán confirmarse. Fotografías no vinculantes ni contractuales. "
20230613,venta_inmueble,USD 63.000, 41 m²   41 m²   36 m²   36 m²   1 amb.   1 amb.   1 baño   1 baño  ,"Villa del Parque, Capital Federal",$ 11.000 Expensas,"Oportunidad en venta de monoambiente apto profesional. Amplio espacio de guardado. Ingreso a hall de distribucion con placard. Baño completo. Cocina grande, tipo kitchinet a gas. Pisos de porcelanato y salida a comodo balcon corrido al frente. Ambiente con aire acondicionado y estufa tiro balanceado. Información adicional: Tipo de edificio: Entre medianeras. Ascensores principales: 1. Agua caliente: Termotanque. Estado de la propiedad: Excelente. Servicios: Electricidad. Cloacas. Gas. Agua Corriente. Nota importante/relevante: Toda la información y las medidas proveídas son sólo estimativas y deberán corroborarse con la documentación oportuna y no compromete contractualmente a nuestra compañia. Los gastos indicados (expensas, abl) se refieren a la última información obtenida y deberán ratificarse. Las imágenes publicadas son meramente ilustrativas, no vinculantes y no contractuales. Matriculados: Julia Mel Matricula Nº 52. Maria Eva Parada Matricula Nº 251. Raul Mel Matricula Nº 883"
20230613,venta_inmueble,USD 80.000, 46 m²   46 m²   42 m²   42 m²   1 amb.   1 amb.   1 baño   1 baño  ,"Villa Crespo, Capital Federal",$ 4.000 Expensas,"Unidad lista para habitar. Se vende sin muebles. A dos cuadras del metrobus Juan B. Justo y el de San MartinEdificio con amenities, encargados y seguridadDepartamento al contrafrente de 45 mts2 totalMuy luminoso con dos ventanales al frente, tragaluz en living (con vinilo esmerilado para tapar visuales) , ventanal contrafrente al balcón (con vinilo que no permite la visual desde el exterior al interior) y ventana en bañoHall de entrada con dos armarios (estantes y perchero hechos a medida, con llave) Baño completo con accesorios roca, con placard grande integrado (con estantes y perchero hecho a medida) Cocina integrada con dos anafes eléctricos domec. Incluye heladera gafa con freezer que entra perfectamente en sector cocinaBalcón con vista a la piletaIncluye dos aires acondicionados frio/calor luftportero eléctrico alcateltermotanque shermansuficiente espacio para armar comedor, living y dormitorio por separado aviso legal: Todas las descripciones, valores de accesorios (expensas, aysa, abl) , fotos y medidas expuestas, son aproximados, orientativos y no vinculantes. Los datos fueron proporcionados por el propietario y pueden encontrarse desactualizados a la fecha, por lo cual el interesado podrá solicitar la documentación actualizada para conformar reserva. Venta supeditada al cumplimiento por parte del propietario de los requisitos de la resolución general Nº 2371 de la afip (pedido de coti) . Matr. 933 F° 36 L° I cucicba"
20230613,venta_inmueble,USD 170.000, 198 m²   198 m²   142 m²   142 m²   4 amb.   4 amb.   3 dorm.   3 dorm.   1 baño   1 baño   1 coch.   1 coch.  ,"La Paternal, Capital Federal",,"Hermoso Ph en planta baja con doble entrada Con cochera propia muy cómoda. Living comedor a la calle con pisos de pinotea plastificados, aberturas de madera, ventanal a la calle. Primer y dormitorio principal muy amplios con gran placard de madera y pisos de pinotea. Baño completo con bañera. Baulera. Cocina comedor muy comoda, refaccionada, Tercer dormitorio comodo, puede utilizarse como escritorio. Los ambientes son muy luminosos. Todos los ambientes dan a un hermoso patio. Mucha luz. Lavadero bajo escalera. Parrilla. Gran terraza de toda la superficie del ph. Vista amplia. Lavadero en terraza. Toma propiedad en la costa atlanticaen muy buen estado en general. No abona expensas!! A metros de Av San Martin, numerosas líneas de colectivo, cercanias al cenro comercial Lascano y Cuenca. - En cumplimiento de la leyes provinciales vigentes que regulan el corretaje inmobiliario, Ley Nacional 25. 028, Ley 22. 802 de Lealtad Comercial, Ley 24. 240 de Defensa al Consumidor, las normas del Código Civil y Comercial de la Nación y Constitucionales, los agentes/gestores no ejercen el corretaje inmobiliario, todas las operaciones inmobiliarias son concluidas por el martillero/corredor colegiado, cuyos datos se exhiben a continuación: cucicba Mat 7831 /cucicba Mat 8020 "
20230613,venta_inmueble,USD 1.500.000, 257 m²   257 m²   254 m²   254 m²   5 amb.   5 amb.   4 dorm.   4 dorm.   3 baños   3 baños   2 coch.   2 coch.  ,"Recoleta, Capital Federal",$ 100.000 Expensas,"Espectacular Piso de categoría, estilo francés. Cuenta con imponente recepción apaisada al frente sobre Ayacucho, Living, comedor y Escritorio. 4 dormitorios, 2 de ellos en suite, el principal sobre ayacucho y en la ochava, los otros 2 dormitorios comparten un baño. Toilette, una amplia cocina con comedor diario, dependencia de servicios con baño completo, y lavadero. Servicios centrales de Calefacción por radiadores y Agua. 2 cocheras fijas en el edificio de enfrente. "
20230613,venta_inmueble,USD 980.000, 271 m²   271 m²   271 m²   271 m²   7 amb.   7 amb.   4 dorm.   4 dorm.   2 baños   2 baños   2 coch.   2 coch.  ,"Recoleta, Capital Federal",$ 80.000 Expensas,"Piso en edificio de categoria sobre Avenida Alvear y Schiaffino frente a la Plaza San Martin de Tours. El departamento cuenta con dos cocheras, una fija, la otra movil y baulera. El edificio con encargado y seguridad 24hPlanta de 271m2 a refaccionar. Muy luminoso con vista. , 4 dormitorios 3 baños, living y comedor, escritorio. Office Comedor DiarioCocina: 2 Dependencias de servicio y LavaderoPalier Privado - Entrada de servicioNota: La información suministrada en el presente aviso sobre el inmueble ofertado no forma parte de ningún tipo de documentación contractual y es meramente a titulo informativo. Las medidas y superficies deberán cotejarse con la escritura traslativa de dominio y con el reglamento de copropiedad. Asimismo todos los importes de gastos, especialmente las expensas indicados están sujetos a verificación. El valor del inmueble indicado en el presente puede ser modificado sin previo aviso. Todo lo plantado y adherido a la unidad, incluyendo los aires acondicionados no forman parte de la oferta. La operación supeditada a que el propietario cumplimente con la Reg. 2371 coti "
20230613,venta_inmueble,USD 450.000, 188 m²   188 m²   168 m²   168 m²   5 amb.   5 amb.   4 dorm.   4 dorm.   3 baños   3 baños   1 coch.   1 coch.  ,"Recoleta, Capital Federal",$ 141.183 Expensas,"Piso en La Isla luminoso. Palier privado. Hall de entrada, living y comedor con hogar (sin tiraje) a balcón aterrazado al frente. Cuatro dormitorios, tres de ellos muy amplios con ventanal que dan a Agote, muy luminosos con vistas proyectadas a calle Vicente López (contrafrente). Dos baños completos. Cocina y comedor diario, de época en buen estado, dos dependencias de servicio con una baño y amplio lavadero. Cómodos placards en todos los dormitorios y también en pasillos. Calefacción por Radiadores. Espacio de cochera con entrada por Agote (portón eléctrico). Amplia baulera individual. Guardia con encargado suplente en fines de semana. Vigilancia por cámaras. Transferencia primer dueño. — La presente oferta de venta está condicionada a la obtención del coti por parte del propietario. Las medidas informadas son aproximadas y orientativas. Las medidas exactas surgirán del título de propiedad. Para más información, llámanos al: +54 911 Ver datos. Aviso publicado por Miranda Bosch - Real Estate & Art desde Sumaprop. "
20230613,venta_inmueble,USD 219.000, 91 m²   91 m²   86 m²   86 m²   4 amb.   4 amb.   3 dorm.   3 dorm.   2 baños   2 baños   1 coch.   1 coch.  ,"Monte Castro, Capital Federal",,"En ventaespectacular unidad de departamento de 4 ambientes con cochera subterranea, A estrenar, completamente amoblado y equipado, con vista al jardin central de in Lope de Vega, donde se encuentra el parque, y la piscina. El departamento se equipo con materiales de calidad y artefactos de primera linea. Detallamos a continuacion las mejoras que le dan un caracter unico: - Placares completos (exterior e interior) y de calidad de piso a techo en los 3 dormitorios. - Placard vestidor con puertas espejadas mas baulera de guardado en pasillo distribuidor. - Mueble de guardado de ropa blanca en toilette. - Barra elevada en cocina con granito negro brasil con 4 sillas taburetes con suspension giratorias. - Mueble rack suspendido en todo el largo de la pared del Living con mucho espacio de guardado. - Cortinas roller marca Sunset en todos los ambientes. - 3 aires acondicionados frio-calor de 2250 frigorias con tecnologia inverter (muy bajo consumo) y Smart (se puede programar funciones, como prendido y apagado desde el celular) marca Surrey en los dormitorios. - 1 aire acondicionado frio-calor de 3000 frigorias con tecnologia inverter-smart (idem a los otros) marca Surrey en el Living-comedor. - 1 sommier de dos plazas de 2 x 1, 60 con colchon de alta densidad marca Belmo. - 2 sommiers de 1 plaza y media de 1, 90 x 1 con colchones de alta densidad marca Belmo. - Heladera con freezer de 362 litros con tecnologia inverter marca Samsung. - Lavarropas para 9 kgs de ropa de 1400 rpm con tecnologia inverter marca Samsung. - 1 extractor de aire de cocina marca Whirlpool. - 3 extractores de aire en los 2 baños y el toilette de recepción. - 1 Televisor Smart con tecnologia qled de 55 pulgadas marca Samsung. - 1 Sofa de dos cuerpos fabricado por Abugar. - 2 cortinas de baño con barrales en baños completos. - 2 sillas de aluminio mas hongo luminico en balcon. - 1 tender de ropa de aluminio marca Krea. - Luces led en todo el departamento con sus artefactos electricos. Para mas detalles, concertar entrevista al +Ver datos. Muchas Gracias! "
20230613,venta_inmueble,USD 278.000, 83 m²   83 m²   83 m²   83 m²   3 amb.   3 amb.   2 dorm.   2 dorm.   1 baño   1 baño   1 coch.   1 coch.  ,"Palermo Hollywood, Palermo",$ 20.000 Expensas,"Increíble departamento en Palermo Hollywood full amenities!! 3 ambientes amplios de 83 mts. Posee: Living/Comedor. Dormitorio principal en suite y vestidor. Dormitorio secundario en suite con placard empotrado. Toilette de recepción. Pisos flotantes. Sistema de Calefacción central. Aire acondicionado en el living. Balcones corridos en habitación y living ventilan al exterior con inmejorables vistas. Cochera fija y cubierta. Inmejorable estado de toda la unidad. Expensas $20. 000 (incluye Aysa) amenities Y servicios. - Halls de acceso de doble altura. - Jardín parquizado e iluminado. - Seguridad 24 hs. - Hall de recepción. - Salón de usos múltiples para fiestas y eventos. - Piscina exterior para adultos y niños. - Sector parrillas. - Gimnasio. - Spa: sauna, ducha escocesa. - Solarium con reposeras. - Laundry. - Cocheras de cortesía cubiertas. -4 Ascensores de alta velocidad. Puertas automáticas. detalles de categoría! A 2 cuadras de Av. Santa Fe. oportunidad única!! Espacio palermo Propiedades. Sucursal Boulevard Charcas. Tel: Ver datos // Cel: Ver datos"
20230613,venta_inmueble,USD 109.900, 161 m²   161 m²   152 m²   152 m²   4 amb.   4 amb.   3 dorm.   3 dorm.   2 baños   2 baños   1 coch.   1 coch.  ,"Pompeya, Capital Federal",,"Corredor Responsable: Ariel Champanier cucicba 4330 / Andrea Berre cmcpsi 6763- Contacto: Cristian Gastón Sánchez - mls id # Ver datos. excelente ph en triplex de 4 ambientes (entrada independiente) al frente con cochera, patio Y balcón en el barrio de pompeya. *oportunidad* P. B: amplio living-comedor con acceso A cochera cubierta. Toilette de recepción con mobiliario completo. P. 1: cocina-comedor de generosas dimensiones con mobiliario completo bajo Y sobre mesada con gran espacio de guardado Y mesada de granito, del mismo se accede A balcón corrido. Patio cubierto con lavadero. Dormitorio principal con placard de piso A techo Y baño completo con bañera en suite con doble entrada, se puede acceder al mismo desde la habitación como desde el pasillo de distribución. P. 2: dos dormitorios de generosas dimensiones con placard de piso A techo, uno de ellos con una baulera arriba del placard para mas espacio de guardado Y salida A balcón corrido. Baño completo con bañera. Cabe destacar que la unidad posee grandes ventanales en todos los ambientes, lo que lo hace super luminoso Y ventilado. Super accesible al transito dado A su cercanía A avenidas que conectan A principales arterias, en la zona se encuentran multiples medios de transporte (colectivos, tren) Transportes Cercanos. Colectivos: 6, 28, 76, 91, 115, 188. Datos útiles. Comuna: Comuna 8. Área Hospitalaria: htal. Dr. P. Piñero. Comisaría Comunal: 8. Comisaría Vecinal: 8B. Distrito Escolar: Distrito Escolar xix. si necesitas vender para comprar, lo realizamos en forma simultanea, comunicate con nosotros. Sabemos como hacerlo!! Por Escritura, las superficies declaradas son: 68. 85 metros cubiertos. 13. 31 metros semicubiertos. 23. 99 metros descubiertos. 106. 15 metros totales, Los metros reales surgen del plano. La medidas son aproximadas, las reales surgirán de la escritura traslativa de dominio. Remax Argentina S. R. L. No ejerce el corretaje inmobiliario. El presente sitio web es una plataforma en donde cada oficina inmobiliaria independiente que contrata los servicios re/max puede publicar las propiedades a su cargo. Cada oficina es de propiedad y gestión independiente, por lo que Remax Argentina S. R. L no interviene en los datos de la publicación, en la operación inmobiliaria, ni en la confección y/o firma del boleto de compraventa y/o escritura y/o contrato de alquiler. En cumplimiento de las leyes vigentes que regulan el corretaje inmobiliario, Ley Nacional 25. 028, Ley 22. 802 de Lealtad Comercial, Ley 24. 240 de Defensa al Consumidor, las normas del Código Civil y Comercial de la Nación y Constitucionales, los agentes/gestores no ejercen el corretaje inmobiliario. Todas las operaciones inmobiliarias son objeto de intermediación y conclusión por parte del corredor público inmobiliario colegiado a cargo de la publicación, cuyos datos se exhiben en la presente. La presente publicación describe las características esenciales del inmueble, debiéndose consultar al corredor público inmobiliario responsable de la operación por la eventual actualización de las medidas, descripciones arquitectónicas y funcionales, valores de expensas, servicios, impuestos, precios y demás información, cuyos valores son aproximados. El inmueble no es accesible para personas con discapacidades físicas. Comprá la casa que querés! No la que podés. Accedé a un préstamo por hasta el 30% del valor de esta propiedad. Simulá tu cuota en Lendar"
20230613,venta_inmueble,USD 147.000, 51 m²   51 m²   2 amb.   2 amb.   1 dorm.   1 dorm.   1 baño   1 baño  ,"Recoleta, Capital Federal",$ 9.500 Expensas,"Luminoso 2 ambientes en ""Metropolitan Plaza""Edificio de 19 pisos con triple frente. Hall de entrada de doble altura con diseño de avanzada y excelentes terminaciones. Cuenta con oficinas, estudios, locales comerciales y tres subsuelos de cocheras. M2 Cubiertos: 36M2 Totales: 51- Unidad ubicada en el piso 2 con salida al balcón, amplios ventanales al frente, con vista a la plaza Houssay! - Cocina integrada. - Dormitorio con placard de 2 hojas espejadas. - Baño completo. Amenities: - Seguridad 24hs. - gym totalmente equipado de última generación. - Zona de Parrillas en el piso 19o. - sum en Planta Baja- Laundry. Ubicado estratégicamente en el corazón de Barrio Norte, a metros de las Facultades de Ciencias Económicas y Medicina, a pasos del subte D, con numerosas líneas de colectivos rodeado de zonas comerciales. La unidad tiene tiene una amplia vista hacia la Plaza Houssay la cual se remodeló totalmente con locales gastronómicos, cervecerías, plazoletas, juegos de niños y cuatro salas de cine. Matias Psevoznik matrícula cucicba N° 7733. "
20230613,venta_inmueble,USD 490.000, 156 m²   156 m²   156 m²   156 m²   4 amb.   4 amb.   3 dorm.   3 dorm.   2 baños   2 baños  ,"Belgrano, Capital Federal",$ 9.000 Expensas,"Ofrecemos a la venta, duplex al frente ubicado en el piso 4 con orientación Este. Luminoso y buena ventilación. La unidad esta compuesta de: cocina eléctrica marca orbis, mesada de cuezo Italiano linea Silestone y muebles de mdf revestido en melanina, treshabitaciones( uno en suite) con placares completos, 3 baños (1 toilette y dos completos) , enchapado de piso a techo con porcelanato, equipados con sanitarios y grifería. Ducha Romana. Todos los ambientes con piso de porcelanato similares madera. Parrilla en uno de los balcones. Puertas pentágono marca (Pentahome) . Instalación para aire acondicionados. Belgrano es uno de los barrios más residenciales y refinados de Buenos Aires y te invita a recorrer sus calles para descubrir historias, arquitectura, plazas y parques. Posee gran cantidad de viejas e importantes casonas señoriales, la mayoría típicas de fines del siglo pasado. Como contrapunto, en este barrio se han construido modernos, sofisticados, confortables y en algunos casos, espectaculares edificios de departamentos. La Avenida Cabildo es la arteria principal de la ciudad de Bs As, por ellas transita diferentes líneas de colectivos y el subte de la Línea D. Av. Cabildo es una zona comercial por excelencia. excelente ubicación Y accesibilidad. nuestra oficina toma todas las medidas de seguridad E higiene según protocolo para protegernos del covid-19la propiedad no es apta para personas con movilidad reducidalas medidas Y superficies consignadas en la presente son aproximadas Y no resultan vinculantes. los datos definitivos son los que surgen del titulo de propiedad. Matricula cpi: 3916 (cucicba) Matricula cmcpsi 5927"
20230613,venta_inmueble,USD 170.000, 63 m²   63 m²   63 m²   63 m²   3 amb.   3 amb.   2 dorm.   2 dorm.   1 baño   1 baño  ,"Palermo, Capital Federal",$ 16.000 Expensas,"Xintel(lep-le8-Ver datos) Venta de Departamento 3 ambientes en Palermo, Capital Federal. Semipiso a contrafrente muy luminoso orientación se, en excelente estado, living comedor apaisado, dos amplios dormitorios con placard, baño completo recien refaccionado, cocina comedor, lavadero incorporado, entrada de servicio, ubicado a una cuadra de Av. Del Libertador. Lepore propiedades Ver datos Ver datos/Wp. Ver datos. lepore Propiedades S. A. Cuit: Ver datos-9 C. U. C. I. C. B. A. Matrícula Nº 931 (Sucursales Caballito - Palermo - Centro) aviso legal: Las descripciones arquitectónicas y funcionales, valores de expensas, impuestos y servicios, fotos y medidas de este inmueble son aproximados. Los datos fueron proporcionados por el propietario y pueden no estar actualizados a la hora de la visualización de este aviso por lo cual pueden arrojar inexactitudes y discordancias con las que surgen de los las facturas, títulos y planos legales del inmueble. El interesado deberá realizar las verificaciones respectivas previamente a la realización de cualquier operación, requiriendo por sí o sus profesionales las copias necesarias de la documentación que corresponda. Venta supeditada al cumplimiento por parte del propietario de los requisitos de la resolución general Nº 2371 de la afip (pedido de coti) "
20230613,venta_inmueble,USD 285.000, 95 m²   95 m²   70 m²   70 m²   3 amb.   3 amb.   2 dorm.   2 dorm.   1 baño   1 baño  ,"Recoleta, Capital Federal",$ 30.000 Expensas,"Venta departamento 3 amb en recoleta con terraza premium. ubicación. • Propiedad ubicada en sanchez de bustamante 2010, en Caba. • A 200 metros de Av. Coronel Diaz. • A 200 metros de Av. Santa Fe. • A 200 metros de Av. Austria. • A 500 metros Av. Las Heras. • en cercanias de parques Y medios de transporte. metraje. ▪ Superficie Cubierta 70 m² ▪ Superficie total: 95M² descripcion de la propiedad. ▪ Departamento 3 ambientes. ▪ Ambientes amplios de buen metraje con placard. ▪ Dos terrazas de gran metraje y muy buen estado. ▪ Living comedor amplio. ▪ Inmueble en excelente estado. ▪ 1 Baño completo. ▪ Cocina independiente y amplia. ▪ Ubicado dentro de las zonas más buscadas de recoleta. caracteristicas. • Muebles bajo mesada y alacena. • Losa y grifería de primera marca. • Interior de placard incluido. • 3 Aires acondicionados frio. • Calefón orbis. • Cámaras de seguridad en el edificio. precio: 285. 000 usd. Todas las propiedades que figuran en esta publicación se encuentran a cargo del profesional matriculado Brian David Levi, matricula cucicba 7924, por lo tanto la intermediación y la conclusión de las operaciones serán llevadas exclusivamente por él. En cumplimiento de la Ley 10. 973 de la Provincia de Buenos Aires, Ley Nacional 25. 028, Ley Nacional 20. 266, Ley 22. 802 de Lealtad Comercial, Ley 24. 240 de Defensa al Consumidor, las normas del Código Civil y Comercial de la Nación y Constitucionales, los asesores o agentes no ejercen el corretaje inmobiliario. Todas las operaciones inmobiliarias son objeto de intermediación y conclusión por parte del martillero y corredor colegiado, cuyos datos se exhiben en el nombre de la inmobiliaria. Ley 5115: excepto que en la descripción de la propiedad se indique lo contrario, el edificio puede no contar con rampa para personas con movilidad reducida, y no ser Accesible para personas con discapacidades físicas. - Todas las medidas son aproximadas al solo efecto orientativo. Las medidas exactas serán las que surjan del título de propiedad. Las fotografías y videos no son contractuales. No se encuentran incluidos en el precio publicado los equipos de aire acondicionado, electrodomésticos ni artefactos de iluminación Y/O ningún otro accesorio que pudieran estar mencionados en la descripción o ilustrados en fotografías con excepción de los que queden expresamente identificados en la reserva a conformar entre las partes. Si hubiera valores de expensas y/o impuestos detallados, los mismos son aproximados y sujetos a modificación. En caso de venta, la operación está sujeta a la tramitación del Código de Oferta de Transferencia de Inmuebles (coti) por parte del propietario. Las reservas se toman exclusivamente en la inmobiliaria con el matriculado Brian David Levi, Matricula cucicba 7924"
20230613,venta_inmueble,USD 82.000, 42 m²   42 m²   38 m²   38 m²   1 amb.   1 amb.   1 baño   1 baño  ,"Caballito, Capital Federal",$ 6.000 Expensas,"No dejes tus dolares bajo el colchon perdiendo valor Y generando rentabilidad cero. Inverti en ladrillos, es lo mas seguro! Hoy con altisima rentabilidad si queres comprar para alquilar. Entrega ya! Ideal alquiler temporario! Renta- inversión- primera vivienda. bajas expensas!! Muy lindo monoambiente. Muy luminoso. Sistemas de cámaras de seguridad y Totem. Amenities. - Pileta. - Sum. - Parrillas con quincho. - Espacios al aire libre. - Grupo electrógeno. Se entrega con: - Aire Acondicionado frío/calor. - Pisos de porcelanato. - Muebles de cocina de melamina con mesada de silestone. - Cocina Longvie y horno de 4 hornallas a gas con campana. - Conexión de lavarropas. - Placard con interior completo. esta unidad se entrega sin muebles. unidades disponibles amobladas para entrega ya! Consultanos. posibilidad de cochera en el edificio ( no incluida en el valor) ubicación estratégica muy cerca de uba- cbc. todos los medios de transporte. - consultar por monoambientes totalmente equipados!! -Consultar disponibilidad de 2 ambientes y de cocheras cubiertas(quedan pocas unidades!!) "
20230613,venta_inmueble,USD 165.000, 66 m²   66 m²   66 m²   66 m²   3 amb.   3 amb.   2 dorm.   2 dorm.   1 baño   1 baño  ,"Palermo, Capital Federal",$ 19.700 Expensas,Tres ambientes sobre el Boulevard Charcas y a metros de Av. Cnel. Diaz!! Contrafrente luminoso con vista abierta lateral y entrada de sol. Balcón corrido. Living amplio. Las dos habitaciones posee placares empotrados. Cocina amplia y lavadero independiente. Baño completo. Pisos de parquet. Losa radiante. Seguridad remota. Expensas: $19. 700. Aysa: $2200. espacio palermo Propiedades. Sucursal Boulevard Charcas. Tel: Ver datos // Cel: Ver datos
20230613,venta_inmueble,USD 370.000, 139 m²   139 m²   100 m²   100 m²   4 amb.   4 amb.   3 dorm.   3 dorm.   3 baños   3 baños   1 coch.   1 coch.  ,"Palermo, Capital Federal",$ 32.000 Expensas,Excelente departamento reciclado Y muy luminoso. Palier privado. Living comedor con salida al balcón terraza con parrilla. Tres dormitorios. El principal en suite con salida a la terraza. Baño completo. Cocina. Lavadero. Doble circulación. Persianas eléctricas. La calefacción es individual por radiadores Peysa. El el piso 10 posee un pequeño departamento monoambiente con baño completo y kitchenette en impecable estado. (se accede por la escalera de servicio). Cochera fija en el primer subsuelo por rampa. El reciclado incluye caños. Hay conexiones para audio. Edificio de diez pisos con dos cuerpos y un departamento por cada uno. Ascensor principal y de servicio. Cocheras. Encargado sin vivienda. Honduras entre Acuña de Figueroa y Medrano.  
20230613,venta_inmueble,USD 260.000, 100 m²   100 m²   80 m²   80 m²   3 amb.   3 amb.   2 dorm.   2 dorm.   2 baños   2 baños   1 coch.   1 coch.  ,"Palermo, Capital Federal",$ 20.000 Expensas,"Guatemala y ArmeniaDepartamento tipo Casa en pleno Palermo Soho! Es una propiedad atípica, pensada para familias dinámicas que disfruten en su hogar, un oasis. Diseño moderno e innovador, con un aire industrial y descontracturado. Se desarrolla en dos niveles: pb: Pequeño jardin en la entrada a la propiedadDesde el acceso principal se accede al living comedor con vista abierta al patioCocina abiertaToilette de recepcionAmplio PatioPlanta Alta: Espacio para Office o bibliotecaDos dormitoriosBaño completoTodos los ambientes son externosMaxima luminosidadCochera fija. Ubicada en un punto estrategico de Palermo Soho, a cuadras de Plaza Armenia, donde reside toda la movida cultural, gastronomica y de espectaculos de moda. Calles con arboledas, que conservan aun la escencia de los barrios con la tranquilidad que los caracteriza. Proximo a la Av. Scalabrini Ortiz y Av. Santa Fe, lo que ofrece rapida circulacion en distintos medios de transporte.  nota: Se deja constancia que los metros parciales, así como el monto de las expensas e impuestos son aproximados a título orientativo sujetos a verificación y/o ajustes. cucicba Nº 2996 / cucicba Nº 3047"
20230613,venta_inmueble,USD 57.500, 45 m²   45 m²   28 m²   28 m²   1 amb.   1 amb.   1 baño   1 baño  ,"Saavedra, Capital Federal",,"Unidades modernas, funcionales y confortables con vista abierta. Departamentos que cuentan con una excelente distribución, placard con interior del mismo. Monoambiente con patio al contrafrente. Living comedor con cocina integrada con salida y gran ventanal al patio.  Cocina eléctrica o Anafe eléctrico y horno eléctrico. Muebles de melamina en cocina, alacena y bajo mesada; sobre mesada de cocina de mármol de granito. Termotanque eléctrico. Unidad equipada con pre instalación de aire acondicionado. Aberturas de aluminio con dvh. Pisos en porcelanato.  Todas las propiedades que figuran en mi perfil se encuentran a cargo de los profesionales matriculados de la oficina. La intermediación y conclusión de las operaciones serán llevadas exclusivamente por los matriculados responsables de la oficina Gustavo de Simone Soluciones Inmobiliarias cpi 8456 | cmcpsi 6661"
20230613,venta_inmueble,USD 138.500, 49 m²   49 m²   42 m²   42 m²   2 amb.   2 amb.   1 dorm.   1 dorm.   1 baño   1 baño  ,"Palermo Chico, Palermo",,"Excelente departamento de 2 ambientes - piso 2 ""C"" entrega inmediatajoy salguero de arquitectura contemporánea, brinda una propuesta ""superadora y única""la combinación ideal entre estilo, calidad de vida Y el singular atractivo de cada departamentoel proyecto se desarrolla en 9 pisos, con unidades de 2, 3 y 4 ambientes, todas con vistas abiertas al frenteAmenities: sum con parrillaLocal comercial en Planta Baja de 139, 47 metros- Ubicado estratégicamente a metros de la Universitaria de Palermo- Rodeado de una variada oferta de restaurantes, bares y de espacios de entretenimiento- De facíl acceso, próximo a Avda Cordoba, Medrano y Avda Santa FèTerminaciones Premium: doble vidrio hermético, losa radiante individual, parrillas individuales! Y más detallesSolicita mas información por este medio o a través de: Ver datos app: 11 Ver datos* Las medidas, superficies y proporciones expresadas en el presente son aproximadas y han sido volcadas solo a fines ilustrativos"
20230613,venta_inmueble,USD 172.000, 47 m²   47 m²   47 m²   47 m²   2 amb.   2 amb.   1 dorm.   1 dorm.   1 baño   1 baño   1 coch.   1 coch.  ,"Palermo Nuevo, Palermo",$ 30.021 Expensas,"A dos cuadras los bosques de palermo Y tres de la estación ""palermo"" de subte dfray Justo Santamaría de Oro entre Av. Cerviño y Demaría. Excelente ubicación de muy fácil acceso. 6° piso: Hall de entrada. Toilette de recepción. Luminoso living comedor con cocina americana con muebles completos, artefacto a gas y barra desayunadora. pa: Dormitorio con placard con puertas corredizas espejadas, y baño en suite. Cuenta con: Aire acondicionado: sistema ""Split"", equipos en todos los ambientes. Calefacción Central con control individual en cada unidad. Cocina: Mesada de granito - Porcelanatto en piso y pared - grifería monocomando. Baño en planta alta y toilette en planta baja: Porcellanato en piso y pared. Con Cochera fija y cubierta incluida. Según titulo de propiedad: 6° piso: superficie cubierta y total de 23, 02m² + 7° piso: sup. Cub. Y total 17, 08m²; siendo un total de 40, 10m². la superficie real es de 47m² ya que el 7° piso tiene una extensión! amenities: Portero Visor - Piscina - Solarium. importante: estos precios estan A sujetos A aprobacion del propietario tasamos tu propiedad en el diacontamos con profesionales especialmente entrenados para tasar el valor real de los inmuebles y establecer los criterios adecuados para la cotización del mismo, respetando el patrimonio del cliente que nos confía su propiedad. Matricula cucicba 3512"
20230613,venta_inmueble,USD 520.000, 127 m²   127 m²   127 m²   127 m²   3 amb.   3 amb.   2 dorm.   2 dorm.   3 baños   3 baños   1 coch.   1 coch.  ,"Belgrano, Capital Federal",$ 32.000 Expensas,"Presentamos esta exclusiva unidad construida por el reconocido estudio Bruckman &amp; Mansilla ubicada en el barrio de Belgrano. Ubicacion prestigiosa a los Lagos de Palermo, el Campo de Golf Juan B. Segura, el Buenos Aires Lawn Tennis Club. Cercanía a la salida Lugones, la estación Belgrano C y múltiples líneas de colectivo en Barrancas de Belgrano. Departamento exclusivos de 127m2 mas un balcón aterrazado. Palier privado, un amplio living comedor luminoso con un toilette. Tiene salida a un balcón aterrazado con parrilla propia (excelente cerramientos). Cocina completa con comedor diario luminoso es un estado impecable un detalle de mucha importancia tiene lavadero independiente y habitación de servicio con baño. 2 dormitorios con placards ambos son luminosos y están en suite. Aire acondicionado en todo los ambientes, calefacción por loza radiante con caldera individual y cochera cubierta. Entre sus amenities con: una pileta cubierta y descubierta, sum equipado, sala con parrilla, gimnasio, sala de musculación y fitness, sauna y ducha escocesa. Seguridad 24 hs. Expensas: $32. 000Las superficies y medidas son aproximadas y surgirán del titulo de propiedad respectivo. Honorarios de gestión inmobiliaria: 4% de la operación, + ivaaviso legal: Venta supeditada al cumplimiento por parte del propietario de los requisitos de la Resolución General 2371 de la afip. Las descripciones arquitectónicas y funcionales, valores de expensas, impuestos y servicios, fotos y medidas de este inmueble son aproximados. Las medidas son orientativas, las definitivas saldrán del título de propiedad. Los datos fueron proporcionados por el propietario y pueden no estar actualizados a la hora de la visualización de este aviso por lo cual pueden arrojar inexactitudes y discordancias con las que surgen de los las facturas, títulos y planos legales del inmueble. Aviso legal: Las descripciones arquitectónicas y funcionales, valores de expensas, impuestos y servicios, fotos y medidas de este inmueble son aproximados. Las medidas son orientativas, las definitivas saldrán del título de propiedad. La información aquí contenida fue obtenida de los propietarios o de otras fuentes que juzgamos confiables No poseemos razón para dudar de la exactitud, pero no la garantizamos y pueden no estar actualizados a la hora de la visualización de este aviso por lo cual pueden arrojar inexactitudes y discordancias con las que surgen de los las facturas, títulos y planos legales del inmueble. Esta información no deberá ser considerada como una oferta vinculante. Todas las propiedades están sujetas a cambios o retiros previo sin aviso. En caaso de Venta la misma esta supeditada al cumplimiento por parte del propietario de los requisitos de la Resolución General 2371 de la afip. "
